date,group,home_team,away_team,home_odds,draw_odds,away_odds,odds_status,odds_source,source_urls,confidence,fetched_at
2026-07-02,,Portugal,Croatia,1.74,3.77,5.09,openai,OddsLab (Pinnacle),https://market.oddslab.gg/leagues/world-cup-2026/matches/portugal-croatia-2026-07-02,0.82,2026-07-02T15:46:55.347098+00:00
2026-07-02,,Spain,Austria,1.3,5.2,10.5,openai,"SportsGambler (Full-Time Result, converted from American odds: Spain -333, Draw +420, Austria +950)",https://www.sportsgambler.com/betting-tips/football/spain-vs-austria-prediction-lineups-odds-2026-07-02/,0.86,2026-07-02T15:46:27.726595+00:00
2026-07-02,,United States,Bosnia-Herzegovina,1.36,5.0,9.0,openai,FanDuel Sportsbook via CBS Sports,https://www.cbssports.com/soccer/news/usmnt-bosnia-and-herzegovina-odds-line-prediction-start-time-2026-world-cup-round-of-32-picks-soccer-best-bets/,0.82,2026-07-02T15:44:37.025400+00:00
2026-07-03,,Argentina,Cape Verde,1.14,8.0,19.0,openai,bet365,https://www.bet365.com/hub/en-gb/football/football-teams/cape-verde,0.9,2026-07-02T16:49:35.274430+00:00
2026-07-03,,Australia,Egypt,3.54,2.91,2.5,openai,Tips.GG (Bet365 listed odds),https://tips.gg/matches/football/03-07-2026/australia-vs-egypt/07-00/odds/,0.84,2026-07-02T16:49:13.735906+00:00
2026-07-03,,Switzerland,Algeria,2.05,3.3,4.2,openai,Tips.GG listing Bet365 1X2 odds,https://tips.gg/matches/football/03-07-2026/switzerland-vs-algeria/04-00/odds/,0.87,2026-07-02T16:48:53.774845+00:00
2026-07-04,,Canada,Morocco,5.0,3.42,1.88,openai,Tips.GG odds table listing Bet365 1X2 odds,https://tips.gg/matches/football/04-07-2026/canada-vs-morocco/06-00/odds/,0.86,2026-07-04T08:28:43.898889+00:00
2026-07-04,,Colombia,Ghana,1.5,3.96,7.25,openai,Covers (odds courtesy of Kalshi; American odds converted to decimal),https://www.covers.com/world-cup/colombia-vs-ghana-picks-prediction-odds-who-will-win-tonight-7-3-2026,0.78,2026-07-04T08:29:48.295812+00:00
2026-07-04,,Paraguay,France,19.0,7.6,1.2,openai,Oddschecker,https://www.oddschecker.com/football/world-cup/paraguay-v-france/winner/,0.92,2026-07-04T08:29:14.217592+00:00
